acc,loss,val_acc,val_loss
0.3359375,2.3077051639556885,0.16336138546466827,2.627333641052246
0.28125,1.9176290035247803,0.34324920177459717,1.8573827743530273
