acc,loss,val_acc,val_loss
0.1953125,2.558953285217285,0.12900641560554504,2.909219741821289
0.328125,2.1943302154541016,0.3042868673801422,2.2355411052703857
