acc,loss,val_acc,val_loss
0.328125,2.163583993911743,0.16316105425357819,2.326921224594116
0.34375,2.2128946781158447,0.3186097741127014,2.3156867027282715
